Time(s),CH1V,CH2V,CH3V,CH4V
2.971300e-03,4.055920e+00,1.184733e-01,6.873333e-03,4.908666e+00
2.975600e-03,4.060080e+00,1.174000e-01,4.085334e-03,4.978000e+00
2.979900e-03,4.058373e+00,1.193933e-01,5.622000e-03,4.921999e+00
2.984200e-03,4.054907e+00,1.157400e-01,6.020667e-03,4.899333e+00
2.988500e-03,4.054373e+00,1.164200e-01,5.610667e-03,4.860000e+00
2.992800e-03,4.051867e+00,1.138600e-01,6.353333e-03,4.821333e+00
2.997100e-03,4.050187e+00,1.145600e-01,5.908667e-03,4.899333e+00
3.001400e-03,4.050773e+00,1.142000e-01,4.581333e-03,4.877999e+00
3.005700e-03,4.052587e+00,1.128533e-01,5.388667e-03,4.920666e+00
3.010000e-03,4.048827e+00,1.169733e-01,5.891333e-03,4.929999e+00
3.014300e-03,4.048240e+00,1.148400e-01,4.226000e-03,4.940666e+00
3.018600e-03,4.048986e+00,1.157333e-01,6.626000e-03,4.921333e+00
3.022900e-03,4.043173e+00,1.140733e-01,5.225333e-03,4.910666e+00
3.027200e-03,4.044987e+00,1.155667e-01,4.581333e-03,4.910666e+00
3.031500e-03,4.045573e+00,1.162467e-01,5.652667e-03,4.947333e+00
3.035800e-03,4.039760e+00,1.151867e-01,4.150667e-03,4.946000e+00
3.040100e-03,4.045787e+00,1.134067e-01,5.725333e-03,4.918000e+00
3.044400e-03,4.042614e+00,1.157200e-01,7.126000e-03,4.863333e+00
3.048700e-03,4.037947e+00,1.152533e-01,5.292000e-03,4.899333e+00
3.053000e-03,4.038560e+00,1.135067e-01,5.942666e-03,4.841333e+00
3.057300e-03,4.037653e+00,1.117067e-01,5.158667e-03,4.797999e+00
3.061600e-03,4.031333e+00,1.116333e-01,4.939334e-03,4.820666e+00
3.065900e-03,4.035493e+00,1.124933e-01,5.786000e-03,4.873333e+00
3.070200e-03,4.035227e+00,1.152600e-01,6.510667e-03,4.895333e+00
3.074500e-03,4.033573e+00,1.138933e-01,5.350000e-03,4.960000e+00
3.078800e-03,4.034720e+00,1.121733e-01,6.250000e-03,4.964666e+00
3.083100e-03,4.030107e+00,1.139067e-01,5.878667e-03,4.981999e+00
3.087400e-03,4.028640e+00,1.110400e-01,4.144667e-03,4.878666e+00
3.091700e-03,4.030720e+00,1.128533e-01,6.365333e-03,4.868666e+00
3.096000e-03,4.025867e+00,1.124533e-01,5.771333e-03,4.822666e+00
3.100300e-03,4.024907e+00,1.109333e-01,5.374000e-03,4.866000e+00
3.104600e-03,4.026000e+00,1.104667e-01,6.397333e-03,4.914000e+00
3.108900e-03,4.020720e+00,1.105400e-01,5.124667e-03,4.860000e+00
3.113200e-03,4.022240e+00,1.125400e-01,5.007333e-03,4.913333e+00
3.117500e-03,4.022614e+00,1.116933e-01,5.996667e-03,4.915333e+00
3.121800e-03,4.020053e+00,1.090467e-01,5.970000e-03,4.941333e+00
3.126100e-03,4.022293e+00,1.100400e-01,5.547334e-03,4.954666e+00
3.130400e-03,4.022453e+00,1.086133e-01,5.950000e-03,4.974000e+00
3.134700e-03,4.016240e+00,1.103867e-01,4.324000e-03,4.888666e+00
3.139000e-03,4.017014e+00,1.117533e-01,5.101333e-03,4.920000e+00
3.143300e-03,4.014133e+00,1.107333e-01,5.655333e-03,4.916666e+00
3.147600e-03,4.009974e+00,1.123067e-01,4.742667e-03,4.837333e+00
3.151900e-03,4.012506e+00,1.131333e-01,5.496667e-03,4.882666e+00
3.156200e-03,4.010746e+00,1.106200e-01,5.802000e-03,4.912666e+00
3.160500e-03,4.008693e+00,1.118867e-01,3.603333e-03,4.894000e+00
3.164800e-03,4.012133e+00,1.069533e-01,4.670000e-03,4.956666e+00
3.169100e-03,4.008480e+00,1.105333e-01,4.318667e-03,4.909999e+00
3.173400e-03,4.003280e+00,1.082000e-01,4.161333e-03,4.872666e+00
3.177700e-03,4.004000e+00,1.079200e-01,5.340667e-03,4.835333e+00
3.182000e-03,3.999573e+00,1.093133e-01,5.004667e-03,4.800000e+00
3.186300e-03,3.999973e+00,1.079600e-01,4.508667e-03,4.845333e+00
3.190600e-03,4.001440e+00,1.057667e-01,4.934667e-03,4.872000e+00
3.194900e-03,4.000080e+00,1.077000e-01,4.376000e-03,4.914666e+00
3.199200e-03,4.000267e+00,1.067333e-01,4.174000e-03,4.926666e+00
3.203500e-03,4.001813e+00,1.088333e-01,6.376000e-03,4.921333e+00
3.207800e-03,3.995600e+00,1.069267e-01,5.122000e-03,4.916666e+00
3.212100e-03,3.995227e+00,1.059267e-01,5.082000e-03,4.828000e+00
3.216400e-03,3.995493e+00,1.104533e-01,5.594000e-03,4.816666e+00
3.220700e-03,3.992907e+00,1.060067e-01,2.998667e-03,4.897333e+00
3.225000e-03,3.993813e+00,1.045400e-01,5.253333e-03,4.908000e+00
3.229300e-03,3.993093e+00,1.069267e-01,6.333333e-03,4.964666e+00
3.233600e-03,3.986880e+00,1.037333e-01,5.392000e-03,4.880666e+00
3.237900e-03,3.987333e+00,1.043200e-01,5.296667e-03,4.891333e+00
3.242200e-03,3.985173e+00,1.047333e-01,5.688000e-03,4.898666e+00
3.246500e-03,3.986240e+00,1.036600e-01,4.723333e-03,4.869999e+00
3.250800e-03,3.988080e+00,1.025067e-01,6.538667e-03,4.947999e+00
3.255100e-03,3.984320e+00,1.026267e-01,5.716667e-03,4.912666e+00
3.259400e-03,3.982080e+00,1.031867e-01,4.994000e-03,4.826000e+00
3.263700e-03,3.983707e+00,1.034800e-01,5.742667e-03,4.829999e+00
3.268000e-03,3.979973e+00,1.034600e-01,4.833333e-03,4.839333e+00
3.272300e-03,3.976293e+00,1.030667e-01,3.995333e-03,4.866000e+00
3.276600e-03,3.981440e+00,1.037533e-01,5.829333e-03,4.880666e+00
3.280900e-03,3.976160e+00,1.035667e-01,5.493333e-03,4.926666e+00
3.285200e-03,3.976773e+00,1.004867e-01,4.474000e-03,4.978666e+00
3.289500e-03,3.978400e+00,1.044267e-01,5.894667e-03,4.908666e+00
3.293800e-03,3.971920e+00,1.018133e-01,4.352666e-03,4.909999e+00
3.298100e-03,3.973840e+00,1.006600e-01,3.727333e-03,4.861333e+00
3.302400e-03,3.973733e+00,1.008000e-01,5.535333e-03,4.842000e+00
3.306700e-03,3.967787e+00,1.014133e-01,3.911333e-03,4.820000e+00
3.311000e-03,3.969653e+00,9.984667e-02,4.658000e-03,4.857333e+00
3.315300e-03,3.967733e+00,9.989333e-02,5.145333e-03,4.854000e+00
3.319600e-03,3.965627e+00,9.894000e-02,3.397333e-03,4.939333e+00
3.323900e-03,3.967867e+00,1.004067e-01,4.232000e-03,4.914000e+00
3.328200e-03,3.965627e+00,9.924667e-02,4.480666e-03,4.938666e+00
3.332500e-03,3.961307e+00,1.007067e-01,3.720667e-03,4.881999e+00
3.336800e-03,3.961707e+00,1.022600e-01,5.459333e-03,4.916666e+00
3.341100e-03,3.957973e+00,1.002200e-01,5.538667e-03,4.858666e+00
3.345400e-03,3.955680e+00,9.918000e-02,4.141334e-03,4.891333e+00
3.349700e-03,3.961467e+00,9.770667e-02,4.981333e-03,4.895333e+00
3.354000e-03,3.960320e+00,9.874666e-02,4.405333e-03,4.907333e+00
3.358300e-03,3.956987e+00,9.927333e-02,3.951333e-03,4.923333e+00
3.362600e-03,3.954267e+00,9.862667e-02,6.284667e-03,4.852666e+00
3.366900e-03,3.951600e+00,9.702000e-02,5.334000e-03,4.877999e+00
3.371200e-03,3.953520e+00,9.726000e-02,4.492667e-03,4.912000e+00
3.375500e-03,3.956987e+00,9.776667e-02,5.714667e-03,4.904666e+00
3.379800e-03,3.951253e+00,9.866000e-02,4.866000e-03,4.935999e+00
3.384100e-03,3.948507e+00,9.852000e-02,5.062000e-03,4.923333e+00
3.388400e-03,3.950373e+00,9.889333e-02,7.049333e-03,4.838666e+00
3.392700e-03,3.944347e+00,9.764667e-02,5.926667e-03,4.874000e+00
3.397000e-03,3.946267e+00,9.762000e-02,4.838667e-03,4.846000e+00
3.401300e-03,3.945333e+00,9.612667e-02,5.765333e-03,4.928666e+00
3.405600e-03,3.942133e+00,9.502000e-02,3.884000e-03,4.941333e+00
3.409900e-03,3.945360e+00,9.675334e-02,4.402000e-03,4.989333e+00
3.414200e-03,3.942880e+00,9.586667e-02,6.298000e-03,4.920000e+00
3.418500e-03,3.937307e+00,9.398667e-02,4.114000e-03,4.912000e+00
3.422800e-03,3.939493e+00,9.326667e-02,5.058667e-03,4.882666e+00
3.427100e-03,3.936053e+00,9.291333e-02,4.876667e-03,4.855333e+00
3.431400e-03,3.934560e+00,9.346667e-02,2.867333e-03,4.915999e+00
3.435700e-03,3.936453e+00,9.290667e-02,4.858667e-03,4.817333e+00
3.440000e-03,3.932373e+00,8.962000e-02,5.192667e-03,4.860666e+00
3.444300e-03,3.933013e+00,9.288666e-02,4.032667e-03,4.952000e+00
3.448600e-03,3.933947e+00,9.254666e-02,4.424667e-03,4.984666e+00
3.452900e-03,3.928853e+00,9.340667e-02,4.509334e-03,4.909333e+00
3.457200e-03,3.927600e+00,9.322000e-02,2.600667e-03,4.890666e+00
3.461500e-03,3.927840e+00,9.208000e-02,4.692667e-03,4.788000e+00
3.465800e-03,3.923920e+00,9.258000e-02,4.143334e-03,4.900666e+00
3.470100e-03,3.925973e+00,9.124000e-02,3.455333e-03,4.888666e+00
3.474400e-03,3.926560e+00,9.216667e-02,5.328000e-03,4.881999e+00
3.478700e-03,3.923600e+00,9.092667e-02,3.877333e-03,4.859333e+00
3.483000e-03,3.925200e+00,8.890000e-02,3.234000e-03,4.907333e+00
3.487300e-03,3.923493e+00,9.033334e-02,4.270000e-03,4.896666e+00
3.491600e-03,3.918160e+00,8.965334e-02,3.471333e-03,4.857333e+00
3.495900e-03,3.918853e+00,8.867333e-02,4.482000e-03,4.887333e+00
3.500200e-03,3.920880e+00,8.791333e-02,5.694667e-03,4.907333e+00
3.504500e-03,3.913840e+00,8.788000e-02,4.132667e-03,4.866000e+00
3.508800e-03,3.913733e+00,9.030000e-02,3.870000e-03,4.868000e+00
3.513100e-03,3.910587e+00,8.788000e-02,4.990667e-03,4.815333e+00
3.517400e-03,3.907120e+00,8.527333e-02,4.064667e-03,4.842666e+00
3.521700e-03,3.910133e+00,8.422667e-02,4.996000e-03,4.857333e+00
3.526000e-03,3.909093e+00,8.471333e-02,5.692000e-03,4.860666e+00
3.530300e-03,3.907120e+00,8.296666e-02,4.196000e-03,4.914666e+00
3.534600e-03,3.911947e+00,8.414000e-02,5.117333e-03,4.993999e+00
3.538900e-03,3.907733e+00,8.551333e-02,5.184667e-03,4.960666e+00
3.543200e-03,3.904480e+00,8.255333e-02,3.980000e-03,4.967333e+00
3.547500e-03,3.903280e+00,8.101334e-02,5.594667e-03,4.895333e+00
3.551800e-03,3.901147e+00,8.436666e-02,5.240667e-03,4.843333e+00
3.556100e-03,3.901840e+00,8.456000e-02,4.273333e-03,4.875999e+00
3.560400e-03,3.903627e+00,8.266000e-02,5.144667e-03,4.916666e+00
3.564700e-03,3.901200e+00,8.431333e-02,4.163333e-03,4.932000e+00
3.569000e-03,3.902533e+00,8.322667e-02,2.994667e-03,4.938666e+00
3.573300e-03,3.900320e+00,8.263333e-02,4.862667e-03,4.909999e+00
3.577600e-03,3.895547e+00,7.917333e-02,4.672000e-03,4.974000e+00
3.581900e-03,3.896080e+00,7.948667e-02,3.992000e-03,4.914666e+00
3.586200e-03,3.891760e+00,8.036666e-02,4.988000e-03,4.811999e+00
3.590500e-03,3.889467e+00,7.886667e-02,3.131333e-03,4.855333e+00
3.594800e-03,3.892027e+00,8.106667e-02,3.315333e-03,4.893333e+00
3.599100e-03,3.890080e+00,7.692000e-02,4.317333e-03,4.912000e+00
3.603400e-03,3.887680e+00,7.799333e-02,3.678000e-03,4.950666e+00
3.607700e-03,3.888800e+00,8.002000e-02,4.268000e-03,4.949333e+00
3.612000e-03,3.888160e+00,8.288000e-02,4.414666e-03,4.936666e+00
3.616300e-03,3.881840e+00,7.934000e-02,2.876667e-03,4.890666e+00
3.620600e-03,3.884293e+00,7.991333e-02,2.341333e-03,4.888000e+00
3.624900e-03,3.886320e+00,7.753333e-02,4.769333e-03,4.961333e+00
3.629200e-03,3.880800e+00,7.716667e-02,3.572667e-03,4.918000e+00
3.633500e-03,3.881520e+00,7.634000e-02,4.508000e-03,4.857999e+00
3.637800e-03,3.877227e+00,7.652000e-02,3.210667e-03,4.875333e+00
3.642100e-03,3.874453e+00,7.344667e-02,3.875333e-03,4.822000e+00
3.646400e-03,3.876747e+00,7.229333e-02,4.281333e-03,4.907333e+00
3.650700e-03,3.874267e+00,7.017333e-02,4.338667e-03,4.921333e+00
3.655000e-03,3.875627e+00,7.088666e-02,4.298000e-03,4.924666e+00
3.659300e-03,3.875253e+00,7.158000e-02,5.196000e-03,4.901999e+00
3.663600e-03,3.870480e+00,7.299333e-02,4.500000e-03,4.948666e+00
3.667900e-03,3.869867e+00,7.085333e-02,3.487333e-03,4.895333e+00
3.672200e-03,3.868453e+00,7.296000e-02,4.672667e-03,4.862666e+00
3.676500e-03,3.865280e+00,7.302000e-02,3.762000e-03,4.880666e+00
3.680800e-03,3.867307e+00,7.096667e-02,4.872000e-03,4.865333e+00
3.685100e-03,3.868400e+00,7.104000e-02,6.349333e-03,4.909333e+00
3.689400e-03,3.862640e+00,6.978000e-02,3.749333e-03,4.918666e+00
3.693700e-03,3.863360e+00,6.892667e-02,3.850000e-03,4.950666e+00
3.698000e-03,3.862213e+00,6.854000e-02,4.206667e-03,4.862000e+00
3.702300e-03,3.861307e+00,6.884000e-02,3.563333e-03,4.854000e+00
3.706600e-03,3.858827e+00,6.684000e-02,4.394000e-03,4.844666e+00
3.710900e-03,3.857520e+00,6.682666e-02,4.958667e-03,4.850666e+00
3.715200e-03,3.855920e+00,6.716000e-02,3.198667e-03,4.880000e+00
3.719500e-03,3.859573e+00,6.548667e-02,4.027333e-03,4.937333e+00
3.723800e-03,3.856480e+00,6.572667e-02,3.860667e-03,4.971333e+00
3.728100e-03,3.853867e+00,6.532000e-02,2.144000e-03,4.918000e+00
3.732400e-03,3.854000e+00,6.555333e-02,3.945333e-03,4.870666e+00
3.736700e-03,3.848587e+00,6.398000e-02,4.050000e-03,4.819333e+00
3.741000e-03,3.847760e+00,6.476000e-02,3.037333e-03,4.812666e+00
3.745300e-03,3.848480e+00,6.657334e-02,4.930667e-03,4.780666e+00
3.749600e-03,3.848107e+00,6.318667e-02,3.037333e-03,4.862000e+00
3.753900e-03,3.848027e+00,6.282666e-02,2.146667e-03,4.844666e+00
3.758200e-03,3.845920e+00,6.032000e-02,4.238667e-03,4.836666e+00
3.762500e-03,3.842213e+00,6.190000e-02,4.342667e-03,4.746666e+00
3.766800e-03,3.842827e+00,6.014000e-02,2.991333e-03,4.848666e+00
3.771100e-03,3.846187e+00,6.020667e-02,4.038667e-03,4.916666e+00
3.775400e-03,3.838827e+00,6.082000e-02,2.748667e-03,4.940000e+00
3.779700e-03,3.842907e+00,6.016667e-02,1.376000e-03,4.929333e+00
3.784000e-03,3.840373e+00,6.032667e-02,4.174666e-03,4.965333e+00
3.788300e-03,3.836987e+00,5.716667e-02,3.080667e-03,4.926666e+00
3.792600e-03,3.834507e+00,5.929333e-02,3.166667e-03,4.894000e+00
3.796900e-03,3.833733e+00,5.560667e-02,3.816000e-03,4.867333e+00
3.801200e-03,3.832560e+00,5.600667e-02,1.154000e-03,4.837999e+00
3.805500e-03,3.835067e+00,5.532000e-02,2.124000e-03,4.921999e+00
3.809800e-03,3.834800e+00,5.316000e-02,3.390667e-03,4.940666e+00
3.814100e-03,3.831947e+00,5.436000e-02,2.327333e-03,4.919333e+00
3.818400e-03,3.831787e+00,5.124667e-02,3.878667e-03,4.984666e+00
3.822700e-03,3.830240e+00,5.228667e-02,3.634667e-03,4.917333e+00
3.827000e-03,3.823707e+00,5.142000e-02,2.154000e-03,4.897333e+00
3.831300e-03,3.824320e+00,4.912000e-02,1.848000e-03,4.900000e+00
3.835600e-03,3.820800e+00,5.074667e-02,3.318000e-03,4.881333e+00
3.839900e-03,3.821120e+00,5.094000e-02,2.480667e-03,4.849333e+00
3.844200e-03,3.824320e+00,4.888667e-02,4.594667e-03,4.910666e+00
3.848500e-03,3.821173e+00,5.093333e-02,4.592000e-03,4.949333e+00
3.852800e-03,3.819573e+00,4.804000e-02,2.446000e-03,4.932666e+00
3.857100e-03,3.819067e+00,4.771333e-02,3.622667e-03,4.864666e+00
3.861400e-03,3.814933e+00,4.890000e-02,2.490000e-03,4.867333e+00
3.865700e-03,3.814427e+00,4.864667e-02,2.743333e-03,4.867333e+00
3.870000e-03,3.813493e+00,4.578667e-02,4.082667e-03,4.892000e+00
3.874300e-03,3.813200e+00,4.581333e-02,3.180667e-03,4.952000e+00
3.878600e-03,3.812187e+00,4.468667e-02,2.953333e-03,4.938666e+00
3.882900e-03,3.814133e+00,4.376000e-02,3.436000e-03,4.906000e+00
3.887200e-03,3.805200e+00,4.456000e-02,2.136000e-03,4.829333e+00
3.891500e-03,3.807440e+00,4.464000e-02,2.232000e-03,4.811999e+00
3.895800e-03,3.809440e+00,4.364667e-02,3.622667e-03,4.889999e+00
3.900100e-03,3.803893e+00,4.242667e-02,1.480000e-03,4.946666e+00
3.904400e-03,3.806453e+00,4.001333e-02,2.366667e-03,4.855999e+00
3.908700e-03,3.805707e+00,4.106000e-02,2.886000e-03,4.881999e+00
3.913000e-03,3.799787e+00,4.206667e-02,1.824667e-03,4.864666e+00
3.917300e-03,3.800240e+00,4.077333e-02,2.895333e-03,4.923999e+00
3.921600e-03,3.798560e+00,3.952667e-02,3.852667e-03,4.853333e+00
3.925900e-03,3.794853e+00,4.016000e-02,2.092667e-03,4.874666e+00
3.930200e-03,3.800080e+00,3.892000e-02,2.258000e-03,4.881333e+00
3.934500e-03,3.797253e+00,3.645333e-02,2.182667e-03,4.898666e+00
3.938800e-03,3.796053e+00,3.454667e-02,8.720000e-04,4.935333e+00
3.943100e-03,3.795547e+00,3.375333e-02,1.792000e-03,4.920666e+00
3.947400e-03,3.792453e+00,3.540000e-02,2.379333e-03,4.867333e+00
3.951700e-03,3.789573e+00,3.568000e-02,1.694667e-03,4.845333e+00
3.956000e-03,3.790427e+00,3.293333e-02,3.109333e-03,4.923999e+00
3.960300e-03,3.789253e+00,3.095333e-02,2.108667e-03,4.902666e+00
3.964600e-03,3.786160e+00,3.235333e-02,9.726667e-04,4.902666e+00
3.968900e-03,3.789013e+00,3.031333e-02,2.982000e-03,4.849333e+00
3.973200e-03,3.785973e+00,2.993333e-02,1.916000e-03,4.875999e+00
3.977500e-03,3.783387e+00,3.040667e-02,2.273333e-03,4.835999e+00
3.981800e-03,3.784533e+00,3.067333e-02,3.167333e-03,4.822666e+00
3.986100e-03,3.780853e+00,2.826000e-02,2.415333e-03,4.835999e+00
3.990400e-03,3.779333e+00,2.780667e-02,1.609333e-03,4.890666e+00
3.994700e-03,3.780480e+00,2.824667e-02,2.763333e-03,4.881999e+00
3.999000e-03,3.776480e+00,2.512667e-02,1.911333e-03,4.932000e+00
4.003300e-03,3.779333e+00,2.736000e-02,2.721333e-03,4.951333e+00
4.007600e-03,3.781493e+00,2.435333e-02,4.541333e-03,4.978000e+00
4.011900e-03,3.773093e+00,2.584667e-02,2.322667e-03,4.971333e+00
4.016200e-03,3.772027e+00,2.454667e-02,2.502000e-03,4.857999e+00
4.020500e-03,3.775120e+00,2.288667e-02,3.876000e-03,4.957333e+00
4.024800e-03,3.774160e+00,2.362000e-02,2.700667e-03,5.012000e+00
4.029100e-03,3.773360e+00,2.144667e-02,3.504667e-03,4.909999e+00
4.033400e-03,3.771493e+00,2.145333e-02,4.241333e-03,4.961333e+00
4.037700e-03,3.767573e+00,2.026667e-02,2.109333e-03,4.881333e+00
4.042000e-03,3.767200e+00,2.014000e-02,2.221333e-03,4.860666e+00
4.046300e-03,3.765653e+00,2.030000e-02,3.112667e-03,4.885333e+00
4.050600e-03,3.762560e+00,1.834000e-02,1.604000e-03,4.891333e+00
4.054900e-03,3.766347e+00,1.426667e-02,3.844667e-03,4.894666e+00
4.059200e-03,3.760987e+00,1.466000e-02,3.781333e-03,4.900000e+00
4.063500e-03,3.760053e+00,1.745333e-02,1.882000e-03,4.900000e+00
4.067800e-03,3.762640e+00,1.593333e-02,3.000667e-03,4.919333e+00
4.072100e-03,3.757120e+00,1.373333e-02,1.477333e-03,4.896666e+00
4.076400e-03,3.752960e+00,1.297333e-02,1.561333e-03,4.817999e+00
4.080700e-03,3.757627e+00,1.592667e-02,2.796667e-03,4.850666e+00
4.085000e-03,3.753147e+00,1.484000e-02,2.745333e-03,4.834666e+00
4.089300e-03,3.754907e+00,1.341333e-02,1.576000e-03,4.866000e+00
4.093600e-03,3.753520e+00,1.526000e-02,1.008000e-03,4.881333e+00
4.097900e-03,3.751013e+00,1.284000e-02,1.022667e-03,4.868000e+00
4.102200e-03,3.749733e+00,1.136667e-02,5.620000e-04,4.897333e+00
4.106500e-03,3.748347e+00,1.042000e-02,2.633333e-03,4.848000e+00
4.110800e-03,3.745520e+00,7.840000e-03,1.630667e-03,4.858666e+00
4.115100e-03,3.743120e+00,7.013333e-03,1.905333e-03,4.872666e+00
4.119400e-03,3.744720e+00,7.466667e-03,2.746000e-03,4.881333e+00
4.123700e-03,3.742693e+00,5.626667e-03,6.533333e-05,4.920666e+00
4.128000e-03,3.746800e+00,5.000000e-03,8.726667e-04,4.964666e+00
4.132300e-03,3.744907e+00,4.393333e-03,1.802667e-03,4.938666e+00
4.136600e-03,3.739760e+00,3.140000e-03,6.426667e-04,4.870666e+00
4.140900e-03,3.739600e+00,3.686667e-03,1.917333e-03,4.855999e+00
4.145200e-03,3.738640e+00,9.200000e-04,2.251333e-03,4.875999e+00
4.149500e-03,3.735227e+00,1.813333e-03,1.027333e-03,4.917333e+00
4.153800e-03,3.735653e+00,6.466667e-04,1.294667e-03,4.915999e+00
4.158100e-03,3.734267e+00,1.746667e-03,2.813333e-03,4.852666e+00
4.162400e-03,3.730773e+00,1.400000e-04,2.104667e-03,4.807333e+00
4.166700e-03,3.731013e+00,-8.400000e-04,3.370667e-03,4.802000e+00
4.171000e-03,3.729947e+00,-7.333334e-05,2.071333e-03,4.800666e+00
4.175300e-03,3.729120e+00,2.913333e-03,8.000000e-06,4.851333e+00
4.179600e-03,3.733893e+00,-1.400000e-04,1.919333e-03,4.914000e+00
4.183900e-03,3.730667e+00,-2.780000e-03,1.451333e-03,4.906666e+00
4.188200e-03,3.726187e+00,-3.546667e-03,1.138000e-03,4.918000e+00
4.192500e-03,3.726987e+00,-3.686667e-03,2.532667e-03,4.915999e+00
4.196800e-03,3.719840e+00,-2.786667e-03,1.503333e-03,4.919333e+00
4.201100e-03,3.721573e+00,-5.773333e-03,3.426667e-04,4.847333e+00
4.205400e-03,3.721893e+00,-7.273333e-03,1.293333e-03,4.886666e+00
4.209700e-03,3.719067e+00,-9.946667e-03,9.653333e-04,4.960000e+00
4.214000e-03,3.719440e+00,-1.142667e-02,4.380000e-04,4.874000e+00
4.218300e-03,3.720400e+00,-1.119333e-02,2.299333e-03,4.915999e+00
4.222600e-03,3.717093e+00,-1.066667e-02,4.226667e-04,4.925333e+00
4.226900e-03,3.716187e+00,-1.185333e-02,4.046667e-04,4.881999e+00
4.231200e-03,3.713387e+00,-1.418000e-02,9.160000e-04,4.832666e+00
4.235500e-03,3.713067e+00,-1.418667e-02,-1.242000e-03,4.856666e+00
4.239800e-03,3.711093e+00,-1.485333e-02,7.266667e-04,4.831333e+00
4.244100e-03,3.711627e+00,-1.312000e-02,1.428000e-03,4.859333e+00
4.248400e-03,3.708693e+00,-1.720000e-02,5.013333e-04,4.950666e+00
4.252700e-03,3.710427e+00,-1.531333e-02,7.440000e-04,5.013333e+00
4.257000e-03,3.709840e+00,-1.612000e-02,8.280000e-04,4.947999e+00
4.261300e-03,3.703707e+00,-1.823333e-02,-6.846667e-04,4.932666e+00
4.265600e-03,3.705013e+00,-1.944667e-02,-2.553333e-04,4.851333e+00
4.269900e-03,3.700747e+00,-2.013333e-02,7.206667e-04,4.854000e+00
4.274200e-03,3.702267e+00,-2.211333e-02,-8.446667e-04,4.788000e+00
4.278500e-03,3.704693e+00,-2.226667e-02,-3.400000e-04,4.892000e+00
4.282800e-03,3.698853e+00,-2.254667e-02,-7.826667e-04,4.914000e+00
4.287100e-03,3.698827e+00,-2.298000e-02,-9.166666e-04,4.858666e+00
4.291400e-03,3.696827e+00,-2.545333e-02,8.000000e-06,4.932666e+00
4.295700e-03,3.696267e+00,-2.711333e-02,-3.046667e-04,4.891333e+00
4.300000e-03,3.697333e+00,-2.662667e-02,-1.880000e-03,4.974666e+00
4.304300e-03,3.697040e+00,-2.956000e-02,-3.826667e-04,4.898666e+00
4.308600e-03,3.693147e+00,-2.971333e-02,-3.593333e-04,4.984000e+00
4.312900e-03,3.691520e+00,-2.996000e-02,-1.234667e-03,4.898666e+00
4.317200e-03,3.690320e+00,-2.814667e-02,8.533333e-04,4.862666e+00
4.321500e-03,3.685680e+00,-3.053333e-02,4.466667e-05,4.806000e+00
4.325800e-03,3.685920e+00,-3.164000e-02,-4.946667e-04,4.795333e+00
4.330100e-03,3.686773e+00,-3.370000e-02,5.433334e-04,4.893333e+00
4.334400e-03,3.683973e+00,-3.216000e-02,-6.946666e-04,4.846000e+00
4.338700e-03,3.686667e+00,-3.255333e-02,-7.660000e-04,4.880666e+00
4.343000e-03,3.686907e+00,-3.280000e-02,1.149333e-03,4.892666e+00
4.347300e-03,3.684240e+00,-3.496667e-02,6.000000e-06,4.897999e+00
4.351600e-03,3.683307e+00,-3.190000e-02,1.176667e-03,4.853333e+00
4.355900e-03,3.679787e+00,-3.514666e-02,1.912000e-03,4.823999e+00
4.360200e-03,3.676080e+00,-3.788667e-02,-1.780000e-04,4.888666e+00
4.364500e-03,3.678747e+00,-3.869333e-02,4.186667e-04,4.866000e+00
4.368800e-03,3.678107e+00,-4.080000e-02,1.010667e-03,4.875999e+00
4.373100e-03,3.676373e+00,-4.006000e-02,5.006667e-04,4.919333e+00
4.377400e-03,3.675173e+00,-4.117333e-02,2.296000e-03,4.978666e+00
4.381700e-03,3.673360e+00,-4.018667e-02,2.494000e-03,4.897999e+00
4.386000e-03,3.669387e+00,-4.033333e-02,2.820000e-04,4.906000e+00
4.390300e-03,3.670560e+00,-4.326667e-02,1.192000e-03,4.836666e+00
4.394600e-03,3.667627e+00,-4.503333e-02,-3.666667e-05,4.874666e+00
4.398900e-03,3.667627e+00,-4.435333e-02,-1.092667e-03,4.934000e+00
4.403200e-03,3.670373e+00,-4.614000e-02,1.602000e-03,4.933333e+00
4.407500e-03,3.666293e+00,-4.479333e-02,1.185333e-03,4.943999e+00
4.411800e-03,3.664427e+00,-4.805333e-02,-3.386667e-04,4.888000e+00
4.416100e-03,3.665200e+00,-4.678000e-02,5.593333e-04,4.971333e+00
4.420400e-03,3.662613e+00,-4.909333e-02,-3.173333e-04,4.952666e+00
4.424700e-03,3.662720e+00,-4.843333e-02,-4.786667e-04,4.937333e+00
4.429000e-03,3.664800e+00,-4.942667e-02,1.077333e-03,4.950666e+00
4.433300e-03,3.655893e+00,-4.934000e-02,-5.780000e-04,4.924666e+00
4.437600e-03,3.656480e+00,-5.067333e-02,-4.760000e-04,4.875999e+00
4.441900e-03,3.655493e+00,-5.105333e-02,7.273333e-04,4.810666e+00
4.446200e-03,3.650053e+00,-5.044667e-02,-8.640000e-04,4.788000e+00
4.450500e-03,3.652720e+00,-5.099333e-02,2.500000e-04,4.853333e+00
4.454800e-03,3.652987e+00,-5.306667e-02,1.570667e-03,4.891333e+00
4.459100e-03,3.651680e+00,-5.432667e-02,2.040000e-04,4.934666e+00
4.463400e-03,3.650987e+00,-5.056667e-02,-4.946667e-04,4.994666e+00
4.467700e-03,3.648267e+00,-5.280000e-02,2.346667e-04,4.889999e+00
4.472000e-03,3.644080e+00,-5.776000e-02,-1.728000e-03,4.815333e+00
4.476300e-03,3.645467e+00,-5.428000e-02,-4.433333e-04,4.844666e+00
4.480600e-03,3.641120e+00,-5.557333e-02,1.697333e-03,4.800000e+00
4.484900e-03,3.638267e+00,-5.500667e-02,1.026667e-04,4.857333e+00
4.489200e-03,3.643493e+00,-5.706667e-02,1.559333e-03,4.928666e+00
4.493500e-03,3.643493e+00,-5.653333e-02,3.853333e-04,4.910666e+00
4.497800e-03,3.642507e+00,-6.014667e-02,-1.126000e-03,4.907333e+00
4.502100e-03,3.641867e+00,-5.784000e-02,6.340000e-04,4.897999e+00
4.506400e-03,3.634667e+00,-6.128667e-02,4.333333e-05,4.881333e+00
4.510700e-03,3.634187e+00,-6.174667e-02,9.466667e-05,4.939333e+00
4.515000e-03,3.635147e+00,-6.174000e-02,1.117333e-03,4.854000e+00
4.519300e-03,3.631093e+00,-6.242667e-02,2.940000e-04,4.908666e+00
4.523600e-03,3.632560e+00,-6.460000e-02,3.133333e-05,4.835999e+00
4.527900e-03,3.632347e+00,-6.476667e-02,1.090667e-03,4.920000e+00
4.532200e-03,3.628160e+00,-6.391333e-02,6.020000e-04,4.886000e+00
4.536500e-03,3.629093e+00,-6.536666e-02,2.946667e-04,4.908666e+00
4.540800e-03,3.629520e+00,-6.447333e-02,7.426667e-04,4.876666e+00
4.545100e-03,3.626613e+00,-6.628000e-02,-1.610667e-03,4.932666e+00
4.549400e-03,3.628693e+00,-6.402667e-02,-8.380000e-04,4.944666e+00
4.553700e-03,3.625013e+00,-6.670666e-02,-5.053334e-04,4.981999e+00
4.558000e-03,3.623520e+00,-6.532000e-02,-8.473333e-04,4.827333e+00
4.562300e-03,3.624507e+00,-6.724667e-02,2.940000e-04,4.960666e+00
4.566600e-03,3.618107e+00,-6.753334e-02,5.026667e-04,4.878666e+00
4.570900e-03,3.616133e+00,-6.756666e-02,-1.229333e-03,4.837999e+00
4.575200e-03,3.618773e+00,-6.847333e-02,-9.606667e-04,4.916666e+00
4.579500e-03,3.616533e+00,-6.928667e-02,-8.926667e-04,4.899333e+00
4.583800e-03,3.616640e+00,-7.118667e-02,-1.702000e-03,4.927999e+00
4.588100e-03,3.616907e+00,-7.307333e-02,-2.006667e-04,4.958666e+00
4.592400e-03,3.613253e+00,-7.243333e-02,-5.546667e-04,5.007333e+00
4.596700e-03,3.612293e+00,-7.404000e-02,-1.810000e-03,4.890666e+00
4.601000e-03,3.611760e+00,-7.541333e-02,-7.140000e-04,4.870666e+00
4.605300e-03,3.609040e+00,-7.532000e-02,-2.412000e-03,4.926000e+00
4.609600e-03,3.607520e+00,-7.661334e-02,-2.616667e-03,4.930666e+00
4.613900e-03,3.610640e+00,-7.782000e-02,-4.600000e-04,4.870666e+00
4.618200e-03,3.606107e+00,-7.864000e-02,-1.525333e-03,4.860666e+00
4.622500e-03,3.606613e+00,-7.902667e-02,-1.084667e-03,4.940666e+00
4.626800e-03,3.609280e+00,-7.996666e-02,-5.146667e-04,4.900666e+00
4.631100e-03,3.602987e+00,-7.837334e-02,-2.838667e-03,4.856666e+00
4.635400e-03,3.602613e+00,-8.210000e-02,-2.510667e-03,4.895999e+00
4.639700e-03,3.601307e+00,-8.110000e-02,-1.700667e-03,4.816000e+00
4.644000e-03,3.598107e+00,-8.140667e-02,-1.587333e-03,4.900666e+00
4.648300e-03,3.600053e+00,-8.301333e-02,-7.653334e-04,4.821333e+00
4.652600e-03,3.597680e+00,-8.421333e-02,-3.526667e-04,4.854000e+00
4.656900e-03,3.593707e+00,-8.380666e-02,-3.200667e-03,4.826666e+00
4.661200e-03,3.597067e+00,-8.360000e-02,-1.152000e-03,4.822000e+00
4.665500e-03,3.592907e+00,-8.300000e-02,-4.586667e-04,4.911333e+00
4.669800e-03,3.592213e+00,-8.526000e-02,-1.466667e-03,4.894000e+00
4.674100e-03,3.596187e+00,-8.465333e-02,-7.093333e-04,4.895999e+00
4.678400e-03,3.592960e+00,-8.397333e-02,-4.580000e-04,4.914000e+00
4.682700e-03,3.588613e+00,-8.775333e-02,-1.722667e-03,4.868000e+00
4.687000e-03,3.591093e+00,-8.589333e-02,-6.160000e-04,4.886666e+00
4.691300e-03,3.584133e+00,-8.887333e-02,-5.006667e-04,4.871333e+00
4.695600e-03,3.584453e+00,-8.718000e-02,-1.059333e-03,4.828666e+00
4.699900e-03,3.586213e+00,-8.695333e-02,1.233333e-03,4.951333e+00
4.704200e-03,3.580613e+00,-8.438000e-02,-1.163333e-03,4.889999e+00
4.708500e-03,3.584907e+00,-8.648667e-02,-1.173333e-03,4.939333e+00
4.712800e-03,3.583120e+00,-8.385333e-02,-1.433333e-04,4.958000e+00
4.717100e-03,3.579840e+00,-8.430666e-02,-1.030667e-03,4.945333e+00
4.721400e-03,3.578560e+00,-8.461333e-02,1.660000e-04,4.865333e+00
4.725700e-03,3.576800e+00,-8.768667e-02,1.144667e-03,4.806666e+00
4.730000e-03,3.573280e+00,-8.652000e-02,4.053333e-04,4.883999e+00
4.734300e-03,3.577200e+00,-8.607333e-02,4.600000e-04,4.895333e+00
4.738600e-03,3.574293e+00,-8.617333e-02,5.666667e-04,4.881999e+00
4.742900e-03,3.571067e+00,-8.616000e-02,-4.753333e-04,4.858666e+00
4.747200e-03,3.571280e+00,-8.793333e-02,1.180000e-03,4.925333e+00
4.751500e-03,3.568960e+00,-8.696000e-02,1.756000e-03,4.874000e+00
4.755800e-03,3.564987e+00,-8.349333e-02,1.160000e-03,-1.480000e-01
4.760100e-03,3.567893e+00,-8.602000e-02,2.184667e-03,-1.973333e-01
4.764400e-03,3.566720e+00,-8.600666e-02,1.994000e-03,-1.226667e-01
4.768700e-03,3.564987e+00,-8.696666e-02,1.035333e-03,-1.633333e-01
4.773000e-03,3.567733e+00,-8.651333e-02,3.775333e-03,-1.213333e-01
4.777300e-03,3.564373e+00,-8.435334e-02,2.916000e-03,-9.666666e-02
4.781600e-03,3.564107e+00,-8.321334e-02,3.278000e-03,-1.100000e-01
4.785900e-03,3.563360e+00,-8.249334e-02,5.381333e-03,-7.866666e-02
4.790200e-03,3.557227e+00,-8.438667e-02,4.210000e-03,-1.226667e-01
4.794500e-03,3.559333e+00,-8.335333e-02,4.089333e-03,-1.440000e-01
4.798800e-03,3.561547e+00,-8.218000e-02,6.766000e-03,-1.066667e-01
4.803100e-03,3.556293e+00,-8.288000e-02,5.479333e-03,-8.866666e-02
4.807400e-03,3.555973e+00,-8.255333e-02,4.796667e-03,-9.933332e-02
4.811700e-03,3.554640e+00,-7.935333e-02,4.486000e-03,-1.193333e-01
4.816000e-03,3.549467e+00,-7.933334e-02,1.210667e-03,-1.193333e-01
4.820300e-03,3.553440e+00,-8.124000e-02,1.220000e-03,-1.040000e-01
4.824600e-03,3.550320e+00,-7.977334e-02,8.906667e-04,-6.266666e-02
4.828900e-03,3.546373e+00,-7.832666e-02,-1.416000e-03,-8.933333e-02
4.833200e-03,3.551600e+00,-7.978000e-02,-1.155333e-03,-6.599999e-02
4.837500e-03,3.545707e+00,-7.960667e-02,-3.244000e-03,-1.193333e-01
4.841800e-03,3.542027e+00,-8.045334e-02,-5.646667e-03,-1.640000e-01
4.846100e-03,3.543627e+00,-7.944667e-02,-5.390666e-03,-2.160000e-01
4.850400e-03,3.541973e+00,-8.256666e-02,-5.126000e-03,-1.880000e-01
4.854700e-03,3.539200e+00,-8.220000e-02,-5.670000e-03,-1.733333e-01
4.859000e-03,3.542507e+00,-8.533333e-02,-4.063333e-03,-1.180000e-01
4.863300e-03,3.540027e+00,-8.544666e-02,-4.126000e-03,-1.380000e-01
4.867600e-03,3.541227e+00,-8.434000e-02,-6.054667e-03,-6.599999e-02
4.871900e-03,3.541867e+00,-8.661333e-02,-3.900667e-03,-1.500000e-01
4.876200e-03,3.534000e+00,-9.075333e-02,-5.277333e-03,-1.093333e-01
4.880500e-03,3.534880e+00,-9.165333e-02,-5.324667e-03,-1.460000e-01
4.884800e-03,3.532987e+00,-9.162667e-02,-2.074000e-03,-1.353333e-01
4.889100e-03,3.529093e+00,-9.128000e-02,-4.165333e-03,-1.106667e-01
4.893400e-03,3.531680e+00,-9.326667e-02,-2.784000e-03,-1.280000e-01
4.897700e-03,3.531307e+00,-9.172000e-02,-2.090000e-03,-1.226667e-01
4.902000e-03,3.528880e+00,-9.412666e-02,-3.540667e-03,-1.073333e-01
4.906300e-03,3.529733e+00,-9.415333e-02,-1.649333e-03,-5.799999e-02
4.910600e-03,3.528533e+00,-9.505333e-02,-1.496000e-03,-1.340000e-01
4.914900e-03,3.523947e+00,-9.792000e-02,-2.484000e-03,-1.660000e-01
4.919200e-03,3.525120e+00,-9.874666e-02,-2.746000e-03,-1.686666e-01
4.923500e-03,3.520827e+00,-9.606667e-02,-2.156000e-03,-1.360000e-01
4.927800e-03,3.520480e+00,-9.865333e-02,-3.052667e-03,-9.799999e-02
4.932100e-03,3.519867e+00,-1.003400e-01,-6.686667e-04,-1.793333e-01
4.936400e-03,3.519733e+00,-1.000800e-01,-8.506667e-04,-1.513333e-01
4.940700e-03,3.516053e+00,-1.015200e-01,-1.784667e-03,-2.100000e-01
4.945000e-03,3.519787e+00,-1.008933e-01,-9.180000e-04,-1.640000e-01
4.949300e-03,3.515787e+00,-1.026133e-01,-2.198000e-03,-1.160000e-01
4.953600e-03,3.514933e+00,-1.019200e-01,-3.518000e-03,-5.466666e-02
4.957900e-03,3.517227e+00,-1.037200e-01,-1.242000e-03,-9.866666e-02
4.962200e-03,3.511040e+00,-1.036067e-01,-1.408000e-03,-9.333333e-02
4.966500e-03,3.509093e+00,-1.026867e-01,-7.653334e-04,-1.400000e-01
4.970800e-03,3.507947e+00,-1.040600e-01,6.186666e-04,-1.713333e-01
4.975100e-03,3.504773e+00,-1.059667e-01,-4.820000e-04,-1.900000e-01
4.979400e-03,3.505680e+00,-1.036733e-01,-4.760000e-04,-1.820000e-01
4.983700e-03,3.505813e+00,-1.040933e-01,8.126667e-04,-1.453333e-01
4.988000e-03,3.503867e+00,-1.047133e-01,-4.066667e-04,-1.120000e-01
4.992300e-03,3.508000e+00,-1.054667e-01,6.800000e-05,-9.999999e-02
4.996600e-03,3.504507e+00,-1.033800e-01,1.076667e-03,-9.799999e-02
5.000900e-03,3.498987e+00,-1.055067e-01,-5.653334e-04,-1.253333e-01
5.005200e-03,3.500533e+00,-1.041067e-01,7.133333e-04,-1.360000e-01
5.009500e-03,3.495147e+00,-1.045467e-01,5.666667e-04,-1.293333e-01
5.013800e-03,3.496347e+00,-1.062733e-01,1.153333e-04,-1.286667e-01
5.018100e-03,3.499413e+00,-1.052800e-01,2.086667e-03,-1.313333e-01
5.022400e-03,3.495760e+00,-1.053533e-01,1.562667e-03,-4.933333e-02
5.026700e-03,3.494293e+00,-1.066467e-01,-1.366667e-04,-1.073333e-01
5.031000e-03,3.495173e+00,-1.097867e-01,1.527333e-03,-9.333333e-02
5.035300e-03,3.490933e+00,-1.106133e-01,1.452000e-03,-1.840000e-01
5.039600e-03,3.489760e+00,-1.092933e-01,1.149333e-03,-6.466666e-02
5.043900e-03,3.492347e+00,-1.092267e-01,3.410000e-03,-9.066666e-02
5.048200e-03,3.488133e+00,-1.078533e-01,3.394667e-03,-1.193333e-01
5.052500e-03,3.488320e+00,-1.084400e-01,2.860000e-03,-8.466666e-02
5.056800e-03,3.486080e+00,-1.084000e-01,3.645333e-03,-1.206667e-01
5.061100e-03,3.480773e+00,-1.069133e-01,4.077333e-03,-7.066666e-02
5.065400e-03,3.480187e+00,-1.070600e-01,4.727333e-03,-1.173333e-01
5.069700e-03,3.483253e+00,-1.018400e-01,7.272667e-03,-1.313333e-01
5.074000e-03,3.480800e+00,-1.012667e-01,6.116000e-03,-1.100000e-01
5.078300e-03,3.480747e+00,-1.012200e-01,6.773334e-03,-1.046667e-01
5.082600e-03,3.479147e+00,-9.921333e-02,8.903333e-03,-1.660000e-01
5.086900e-03,3.474827e+00,-9.459333e-02,7.765333e-03,-1.433333e-01
5.091200e-03,3.477280e+00,-9.456667e-02,1.033267e-02,-1.073333e-01
5.095500e-03,3.473333e+00,-9.048667e-02,1.230600e-02,-1.926666e-01
5.099800e-03,3.472587e+00,-9.074666e-02,1.064733e-02,-1.593333e-01
5.104100e-03,3.473573e+00,-8.815333e-02,1.084533e-02,-1.320000e-01
5.108400e-03,3.471493e+00,-8.184667e-02,9.134000e-03,-7.599999e-02
5.112700e-03,3.471360e+00,-8.318666e-02,6.682666e-03,-1.266667e-01
5.117000e-03,3.472427e+00,-8.045334e-02,5.469333e-03,-9.333333e-02
5.121300e-03,3.465867e+00,-7.709333e-02,1.626667e-03,-1.326666e-01
5.125600e-03,3.465760e+00,-7.646000e-02,-2.621333e-03,-1.873333e-01
5.129900e-03,3.463440e+00,-7.576667e-02,-4.230000e-03,-1.706666e-01
5.134200e-03,3.460720e+00,-7.434667e-02,-7.461333e-03,-1.540000e-01
5.138500e-03,3.464187e+00,-7.600667e-02,-9.896000e-03,-1.200000e-01
5.142800e-03,3.465787e+00,-7.887334e-02,-8.913334e-03,-1.100000e-01
5.147100e-03,3.461413e+00,-8.090000e-02,-1.019667e-02,-6.000000e-03
5.151400e-03,3.462160e+00,-8.330666e-02,-9.586000e-03,-9.666666e-02
5.155700e-03,3.459200e+00,-8.501333e-02,-7.385334e-03,-8.866666e-02
5.160000e-03,3.454320e+00,-8.926000e-02,-8.062000e-03,-1.686666e-01
5.164300e-03,3.455493e+00,-8.912000e-02,-6.788000e-03,-1.153333e-01
5.168600e-03,3.455493e+00,-9.151334e-02,-4.929333e-03,-1.453333e-01
5.172900e-03,3.452747e+00,-9.408000e-02,-5.666667e-03,-1.366667e-01
5.177200e-03,3.453973e+00,-9.251333e-02,-3.399333e-03,-9.333333e-02
5.181500e-03,3.452987e+00,-9.584000e-02,-2.044000e-03,-9.333333e-02
5.185800e-03,3.448853e+00,-9.816000e-02,-2.064000e-03,-1.033333e-01
5.190100e-03,3.447307e+00,-9.789333e-02,-1.046667e-03,-1.713333e-01
5.194400e-03,3.448800e+00,-9.942000e-02,2.040000e-04,-9.399999e-02
5.198700e-03,3.444640e+00,-1.011467e-01,-2.920000e-04,-7.733332e-02
5.203000e-03,3.447227e+00,-9.966667e-02,2.562667e-03,-5.733333e-02
5.207300e-03,3.443307e+00,-1.009933e-01,2.343333e-03,-8.666666e-02
5.211600e-03,3.442933e+00,-9.786000e-02,1.634667e-03,-1.100000e-01
5.215900e-03,3.442560e+00,-9.559333e-02,2.422667e-03,-1.533333e-01
5.220200e-03,3.439467e+00,-9.565333e-02,1.305333e-03,-1.160000e-01
5.224500e-03,3.439813e+00,-9.592666e-02,1.844667e-03,-1.180000e-01
5.228800e-03,3.439093e+00,-9.699333e-02,3.168667e-03,-1.213333e-01
5.233100e-03,3.437733e+00,-9.272000e-02,1.764667e-03,-6.666666e-02
5.237400e-03,3.438347e+00,-9.296000e-02,6.213333e-04,-9.333333e-02
5.241700e-03,3.433893e+00,-9.236667e-02,1.348667e-03,-1.353333e-01
5.246000e-03,3.430453e+00,-9.320667e-02,-1.147333e-03,-1.533333e-01
5.250300e-03,3.431707e+00,-9.392667e-02,-1.782667e-03,-1.453333e-01
5.254600e-03,3.430907e+00,-9.642000e-02,-9.326666e-04,-1.253333e-01
5.258900e-03,3.428373e+00,-9.592666e-02,-3.092667e-03,-1.400000e-01
5.263200e-03,3.429387e+00,-9.593333e-02,-3.999333e-03,-7.266666e-02
5.267500e-03,3.429013e+00,-1.001467e-01,-3.405333e-03,-8.066666e-02
5.271800e-03,3.427307e+00,-1.003400e-01,-5.711333e-03,-2.933333e-02
5.276100e-03,3.427307e+00,-1.002133e-01,-3.901333e-03,-1.120000e-01
5.280400e-03,3.424453e+00,-9.994666e-02,-3.145333e-03,-8.533332e-02
5.284700e-03,3.419173e+00,-9.969334e-02,-3.524667e-03,-1.213333e-01
5.289000e-03,3.422480e+00,-1.018000e-01,-2.260667e-03,-2.493333e-01
5.293300e-03,3.418027e+00,-1.016400e-01,-2.264000e-03,-8.533332e-02
5.297600e-03,3.418373e+00,-1.050200e-01,-3.772667e-03,-9.666666e-02
5.301900e-03,3.419947e+00,-1.070933e-01,-2.572667e-03,-2.266666e-02
5.306200e-03,3.417520e+00,-1.088867e-01,-8.360000e-04,-5.133333e-02
5.310500e-03,3.416880e+00,-1.128933e-01,-1.420667e-03,-7.799999e-02
5.314800e-03,3.416427e+00,-1.099467e-01,7.880000e-04,-7.999999e-02
5.319100e-03,3.414907e+00,-1.099267e-01,-7.280000e-04,-1.080000e-01
5.323400e-03,3.416133e+00,-1.121467e-01,-5.773333e-04,-7.733332e-02
5.327700e-03,3.413653e+00,-1.115200e-01,1.105333e-03,-1.513333e-01
5.332000e-03,3.407733e+00,-1.118000e-01,4.166667e-04,-8.666666e-02
5.336300e-03,3.408293e+00,-1.126200e-01,8.480000e-04,-4.133333e-02
5.340600e-03,3.405013e+00,-1.153400e-01,1.918000e-03,-1.640000e-01
5.344900e-03,3.403280e+00,-1.156533e-01,8.500000e-04,-9.399999e-02
5.349200e-03,3.406000e+00,-1.171600e-01,1.524000e-03,-9.399999e-02
5.353500e-03,3.404267e+00,-1.157267e-01,2.734000e-03,-1.693333e-01
5.357800e-03,3.403173e+00,-1.178733e-01,1.599333e-03,-9.666666e-02
5.362100e-03,3.403787e+00,-1.165067e-01,3.322667e-03,-1.200000e-01
5.366400e-03,3.401307e+00,-1.168467e-01,4.794667e-03,-6.933333e-02
5.370700e-03,3.397440e+00,-1.172267e-01,2.879333e-03,-1.466666e-01
5.375000e-03,3.397040e+00,-1.183333e-01,4.422667e-03,-1.653333e-01
5.379300e-03,3.393600e+00,-1.192933e-01,4.585333e-03,-1.900000e-01
5.383600e-03,3.391520e+00,-1.186600e-01,4.242667e-03,-1.646667e-01
5.387900e-03,3.394000e+00,-1.183467e-01,7.070000e-03,-1.506667e-01
5.392200e-03,3.391867e+00,-1.174133e-01,7.155333e-03,-4.600000e-02
5.396500e-03,3.391707e+00,-1.166000e-01,6.262667e-03,-1.006667e-01
5.400800e-03,3.390160e+00,-1.169067e-01,7.219333e-03,-1.626666e-01
5.405100e-03,3.386427e+00,-1.181200e-01,5.780000e-03,-1.720000e-01
5.409400e-03,3.387493e+00,-1.215267e-01,4.798000e-03,-1.606666e-01
5.413700e-03,3.386640e+00,-1.230133e-01,5.262000e-03,-1.920000e-01
5.418000e-03,3.383307e+00,-1.216400e-01,3.360667e-03,-1.080000e-01
5.422300e-03,3.385280e+00,-1.238733e-01,1.804000e-03,-8.333333e-02
5.426600e-03,3.386853e+00,-1.222333e-01,1.716000e-03,-4.066666e-02
5.430900e-03,3.382213e+00,-1.228600e-01,-7.446667e-04,0.000000e+00
5.435200e-03,3.382160e+00,-1.242467e-01,-1.521333e-03,-9.066666e-02
5.439500e-03,3.378053e+00,-1.230200e-01,-7.920000e-04,-1.513333e-01
5.443800e-03,3.374773e+00,-1.237600e-01,-3.282000e-03,-1.433333e-01
5.448100e-03,3.382240e+00,-1.254133e-01,-3.599333e-03,-1.133333e-02
5.452400e-03,3.377467e+00,-1.273867e-01,-3.924000e-03,-1.106667e-01
5.456700e-03,3.373520e+00,-1.299867e-01,-5.108000e-03,-1.233333e-01
5.461000e-03,3.374747e+00,-1.302133e-01,-2.611333e-03,-1.480000e-01
5.465300e-03,3.370773e+00,-1.299133e-01,-5.686667e-04,-1.686666e-01
5.469600e-03,3.367413e+00,-1.320467e-01,-1.828667e-03,-1.100000e-01
5.473900e-03,3.371387e+00,-1.289467e-01,4.706667e-04,-1.006667e-01
5.478200e-03,3.370693e+00,-1.300000e-01,-5.393333e-04,-7.733332e-02
5.482500e-03,3.368507e+00,-1.307667e-01,-2.858667e-03,-7.666666e-02
5.486800e-03,3.367547e+00,-1.305933e-01,-1.420000e-04,-1.106667e-01
5.491100e-03,3.363813e+00,-1.326800e-01,7.506667e-04,-1.126667e-01
5.495400e-03,3.364987e+00,-1.337067e-01,2.090000e-03,-1.786667e-01
5.499700e-03,3.362907e+00,-1.343067e-01,3.852000e-03,-1.460000e-01
5.504000e-03,3.359253e+00,-1.327200e-01,3.259333e-03,-1.480000e-01
5.508300e-03,3.362187e+00,-1.351133e-01,2.326000e-03,-1.206667e-01
5.512600e-03,3.359627e+00,-1.365733e-01,3.569333e-03,-1.033333e-01
5.516900e-03,3.356427e+00,-1.394333e-01,3.032667e-03,-1.320000e-01
5.521200e-03,3.356933e+00,-1.376667e-01,4.500667e-03,-1.506667e-01
5.525500e-03,3.355467e+00,-1.377867e-01,5.928667e-03,-1.240000e-01
5.529800e-03,3.351493e+00,-1.402533e-01,4.909333e-03,-1.553333e-01
5.534100e-03,3.354000e+00,-1.401333e-01,5.327333e-03,-1.553333e-01
5.538400e-03,3.352160e+00,-1.428667e-01,5.687333e-03,-1.013333e-01
5.542700e-03,3.351680e+00,-1.418333e-01,4.372667e-03,-1.253333e-01
5.547000e-03,3.354347e+00,-1.435200e-01,5.367334e-03,-1.460000e-01
5.551300e-03,3.351493e+00,-1.422800e-01,4.744667e-03,3.933333e-02
5.555600e-03,3.347360e+00,-1.406000e-01,2.900667e-03,-8.333333e-02
5.559900e-03,3.346907e+00,-1.402933e-01,3.056667e-03,-1.373333e-01
5.564200e-03,3.341867e+00,-1.384733e-01,2.008000e-03,-1.860000e-01
5.568500e-03,3.340960e+00,-1.381133e-01,6.633333e-04,-1.726667e-01
5.572800e-03,3.343600e+00,-1.349467e-01,1.573333e-03,-1.313333e-01
5.577100e-03,3.340053e+00,-1.349133e-01,5.240000e-04,-1.133333e-01
5.581400e-03,3.339840e+00,-1.320533e-01,-9.980000e-04,-1.266667e-01
5.585700e-03,3.339680e+00,-1.291800e-01,4.753333e-04,-9.133332e-02
5.590000e-03,3.336027e+00,-1.286400e-01,-1.510667e-03,-1.620000e-01
5.594300e-03,3.337893e+00,-1.268067e-01,-1.089333e-03,-1.100000e-01
5.598600e-03,3.337360e+00,-1.269867e-01,3.973333e-04,-8.999999e-02
5.602900e-03,3.332987e+00,-1.264933e-01,7.866666e-05,-9.333333e-02
5.607200e-03,3.334933e+00,-1.245533e-01,2.933333e-04,-7.133333e-02
5.611500e-03,3.330853e+00,-1.230733e-01,1.166667e-04,-1.160000e-01
5.615800e-03,3.327947e+00,-1.198733e-01,-8.626666e-04,-1.553333e-01
5.620100e-03,3.329093e+00,-1.186600e-01,1.920000e-04,-2.020000e-01
5.624400e-03,3.326347e+00,-1.181867e-01,1.482667e-03,-1.793333e-01
5.628700e-03,3.324640e+00,-1.167067e-01,1.215333e-03,-7.799999e-02
5.633000e-03,3.326933e+00,-1.159267e-01,2.553333e-03,-1.266667e-01
5.637300e-03,3.325947e+00,-1.143867e-01,2.896000e-03,-1.040000e-01
5.641600e-03,3.322240e+00,-1.142867e-01,1.694667e-03,-9.333333e-02
5.645900e-03,3.321947e+00,-1.120600e-01,2.951333e-03,-1.460000e-01
5.650200e-03,3.319147e+00,-1.113267e-01,3.540667e-03,-1.773333e-01
5.654500e-03,3.319200e+00,-1.098600e-01,2.812000e-03,-2.480000e-01
5.658800e-03,3.316587e+00,-1.118200e-01,5.320000e-03,-1.340000e-01
5.663100e-03,3.313840e+00,-1.105133e-01,4.012667e-03,-1.133333e-01
5.667400e-03,3.314373e+00,-1.115933e-01,2.631333e-03,-1.446667e-01
5.671700e-03,3.316507e+00,-1.132267e-01,2.455333e-03,-1.493333e-01
5.676000e-03,3.313627e+00,-1.124467e-01,8.413334e-04,-8.999999e-02
5.680300e-03,3.312213e+00,-1.110533e-01,1.804667e-03,-1.533333e-01
5.684600e-03,3.313387e+00,-1.135267e-01,1.922000e-03,-1.080000e-01
5.688900e-03,3.310160e+00,-1.159267e-01,7.113334e-04,-1.173333e-01
5.693200e-03,3.308587e+00,-1.152400e-01,1.686667e-04,-1.466666e-01
5.697500e-03,3.312053e+00,-1.176667e-01,5.040000e-04,-7.399999e-02
5.701800e-03,3.304960e+00,-1.180933e-01,-1.737333e-03,-1.373333e-01
5.706100e-03,3.308187e+00,-1.178533e-01,-5.146667e-04,-5.733333e-02
5.710400e-03,3.299813e+00,-1.190200e-01,1.358667e-03,-1.040000e-01
5.714700e-03,3.298027e+00,-1.163933e-01,-1.806667e-04,-1.433333e-01
5.719000e-03,3.304000e+00,-1.158600e-01,-9.800000e-05,-8.066666e-02
5.723300e-03,3.300853e+00,-1.143867e-01,3.613333e-04,-9.199999e-02
5.727600e-03,3.301973e+00,-1.144600e-01,-4.260000e-04,-8.333333e-02
5.731900e-03,3.300267e+00,-1.153333e-01,1.065333e-03,-6.800000e-02
5.736200e-03,3.297067e+00,-1.128467e-01,1.488000e-03,-8.933333e-02
5.740500e-03,3.294000e+00,-1.111333e-01,3.006667e-04,-1.053333e-01
5.744800e-03,3.296213e+00,-1.107867e-01,2.454667e-03,-2.026666e-01
5.749100e-03,3.290693e+00,-1.133133e-01,1.338000e-03,-1.100000e-01
5.753400e-03,3.291547e+00,-1.128000e-01,3.433333e-04,-4.533333e-02
5.757700e-03,3.293040e+00,-1.121133e-01,2.370000e-03,-1.173333e-01
5.762000e-03,3.289120e+00,-1.133067e-01,1.110667e-03,-7.999999e-03
5.766300e-03,3.290107e+00,-1.133067e-01,9.300000e-04,-9.933332e-02
5.770600e-03,3.289387e+00,-1.115333e-01,2.292000e-03,-1.286667e-01
5.774900e-03,3.282693e+00,-1.119533e-01,2.040000e-04,-2.106666e-01
5.779200e-03,3.282880e+00,-1.106867e-01,5.333333e-04,-1.240000e-01
5.783500e-03,3.284720e+00,-1.063533e-01,1.483333e-03,-1.300000e-01
5.787800e-03,3.281067e+00,-1.086267e-01,1.461333e-03,-1.513333e-01
5.792100e-03,3.282507e+00,-1.088800e-01,1.646000e-03,-1.133333e-01
5.796400e-03,3.283653e+00,-1.074800e-01,2.826000e-03,-2.020000e-01
5.800700e-03,3.277760e+00,-1.074533e-01,6.040000e-04,-1.400000e-01
5.805000e-03,3.277467e+00,-1.041600e-01,6.133333e-04,-1.060000e-01
5.809300e-03,3.275093e+00,-1.051667e-01,1.398667e-03,-1.640000e-01
5.813600e-03,3.273867e+00,-1.033867e-01,2.053333e-04,-2.653333e-01
5.817900e-03,3.274533e+00,-1.033800e-01,1.960667e-03,-1.506667e-01
5.822200e-03,3.271947e+00,-1.013133e-01,1.969333e-03,-1.286667e-01
5.826500e-03,3.270667e+00,-1.027400e-01,5.780000e-04,-1.826666e-01
5.830800e-03,3.273253e+00,-1.005267e-01,2.066000e-03,-1.266667e-01
5.835100e-03,3.267867e+00,-9.964667e-02,1.081333e-03,-1.046667e-01
5.839400e-03,3.267147e+00,-9.872000e-02,1.198000e-03,-1.253333e-01
5.843700e-03,3.268080e+00,-9.716000e-02,2.067333e-03,-1.206667e-01
5.848000e-03,3.265973e+00,-9.962667e-02,1.335333e-03,-4.400000e-02
5.852300e-03,3.265840e+00,-9.778666e-02,-3.466667e-05,-5.333333e-03
5.856600e-03,3.267013e+00,-9.570666e-02,2.080667e-03,-7.533333e-02
5.860900e-03,3.262853e+00,-9.684667e-02,7.506667e-04,-1.400000e-01
5.865200e-03,3.260880e+00,-9.666000e-02,1.824667e-03,-1.073333e-01
5.869500e-03,3.261680e+00,-9.562667e-02,3.981333e-03,-1.800000e-01
5.873800e-03,3.258987e+00,-9.385333e-02,2.606667e-03,-9.066666e-02
5.878100e-03,3.257680e+00,-9.256000e-02,2.510000e-03,-1.466666e-01
5.882400e-03,3.259413e+00,-9.256000e-02,2.289333e-03,-7.533333e-02
5.886700e-03,3.256160e+00,-9.441333e-02,1.009333e-03,-1.466667e-02
5.891000e-03,3.255360e+00,-9.506000e-02,2.531333e-03,-1.033333e-01
5.895300e-03,3.250400e+00,-9.350000e-02,3.252667e-03,-1.280000e-01
5.899600e-03,3.249333e+00,-8.997333e-02,2.966667e-03,-1.773333e-01
5.903900e-03,3.251520e+00,-9.222667e-02,2.551333e-03,-1.773333e-01
5.908200e-03,3.248027e+00,-8.732667e-02,2.539333e-03,-1.100000e-01
5.912500e-03,3.248160e+00,-9.070000e-02,9.673333e-04,-1.206667e-01
5.916800e-03,3.251707e+00,-9.257333e-02,1.913333e-03,-3.599999e-02
5.921100e-03,3.246267e+00,-9.134000e-02,2.393333e-03,-1.473333e-01
5.925400e-03,3.246613e+00,-8.912000e-02,1.170000e-03,-4.200000e-02
5.929700e-03,3.245920e+00,-9.026000e-02,2.945333e-03,-1.140000e-01
5.934000e-03,3.239413e+00,-8.844000e-02,1.698667e-03,-4.533333e-02
5.938300e-03,3.239547e+00,-9.170666e-02,1.365333e-03,-9.999999e-02
5.942600e-03,3.238293e+00,-8.846667e-02,2.666000e-03,-1.460000e-01
5.946900e-03,3.237253e+00,-8.933333e-02,1.920667e-03,-9.599999e-02
5.951200e-03,3.240347e+00,-8.689333e-02,2.756667e-03,-6.866666e-02
5.955500e-03,3.237493e+00,-8.679333e-02,2.013333e-03,-5.599999e-02
5.959800e-03,3.232347e+00,-8.478667e-02,6.920000e-04,-8.066666e-02
5.964100e-03,3.234453e+00,-8.374666e-02,5.546667e-04,-1.620000e-01
5.968400e-03,3.233653e+00,-8.271334e-02,2.377333e-03,-1.106667e-01
5.972700e-03,3.231547e+00,-8.331333e-02,1.936667e-03,-1.060000e-01
5.977000e-03,3.230987e+00,-8.204667e-02,2.865333e-03,-3.599999e-02
5.981300e-03,3.228293e+00,-8.270667e-02,2.877333e-03,-1.080000e-01
5.985600e-03,3.224533e+00,-8.474667e-02,7.446667e-04,-1.993333e-01
5.989900e-03,3.226773e+00,-8.354000e-02,1.691333e-03,-1.793333e-01
5.994200e-03,3.222080e+00,-8.334000e-02,1.022000e-03,-1.786667e-01
5.998500e-03,3.221387e+00,-8.427333e-02,1.007333e-03,-1.700000e-01
6.002800e-03,3.226880e+00,-8.211333e-02,3.075333e-03,-1.300000e-01
6.007100e-03,3.221707e+00,-8.160000e-02,2.844667e-03,-9.333333e-02
6.011400e-03,3.222907e+00,-8.112000e-02,2.108000e-03,-1.440000e-01
6.015700e-03,3.221333e+00,-8.228666e-02,2.792667e-03,-3.333333e-03
6.020000e-03,3.217467e+00,-8.012000e-02,1.966667e-03,-1.206667e-01
6.024300e-03,3.214453e+00,-8.033333e-02,1.348000e-03,-2.000000e-01
6.028600e-03,3.214987e+00,-7.827333e-02,4.019334e-03,-1.626666e-01
6.032900e-03,3.213200e+00,-7.526000e-02,2.953333e-03,-1.266667e-01
6.037200e-03,3.214453e+00,-7.628000e-02,2.788000e-03,-6.200000e-02
6.041500e-03,3.214720e+00,-7.314666e-02,4.242000e-03,-4.133333e-02
6.045800e-03,3.213040e+00,-7.264667e-02,2.248000e-03,-4.866666e-02
6.050100e-03,3.213173e+00,-7.251333e-02,2.079333e-03,-9.599999e-02
6.054400e-03,3.211013e+00,-7.132667e-02,4.207334e-03,-1.293333e-01
6.058700e-03,3.206880e+00,-7.143334e-02,2.805333e-03,-1.266667e-01
6.063000e-03,3.208053e+00,-6.818000e-02,3.514667e-03,-1.266667e-01
6.067300e-03,3.205093e+00,-6.848000e-02,3.644000e-03,-1.266667e-01
6.071600e-03,3.202933e+00,-6.451333e-02,1.992000e-03,-8.599999e-02
6.075900e-03,3.206773e+00,-6.414667e-02,1.974000e-03,-9.466666e-02
6.080200e-03,3.201547e+00,-6.552666e-02,3.258000e-03,-1.380000e-01
6.084500e-03,3.198080e+00,-6.577333e-02,2.332667e-03,-1.406666e-01
6.088800e-03,3.199627e+00,-6.444000e-02,3.408000e-03,-1.600000e-01
6.093100e-03,3.194507e+00,-6.536666e-02,4.507334e-03,-1.686666e-01
6.097400e-03,3.193840e+00,-6.030667e-02,1.870000e-03,-1.620000e-01
6.101700e-03,3.199733e+00,-6.044666e-02,3.799333e-03,-1.480000e-01
6.106000e-03,3.194827e+00,-5.938667e-02,4.022000e-03,-1.480000e-01
6.110300e-03,3.194533e+00,-5.860667e-02,3.896667e-03,-1.226667e-01
6.114600e-03,3.193360e+00,-5.874000e-02,3.702000e-03,-1.100000e-01
6.118900e-03,3.189627e+00,-5.417333e-02,2.704667e-03,-1.053333e-01
6.123200e-03,3.192773e+00,-5.666000e-02,1.849333e-03,-7.199999e-02
6.127500e-03,3.192267e+00,-5.830000e-02,3.653333e-03,-1.246667e-01
6.131800e-03,3.188507e+00,-5.536667e-02,2.665333e-03,-3.266666e-02
6.136100e-03,3.187173e+00,-5.425333e-02,3.138000e-03,-2.260000e-01
6.140400e-03,3.184827e+00,-5.353333e-02,4.776000e-03,-1.253333e-01
6.144700e-03,3.180080e+00,-5.188667e-02,1.772000e-03,-1.246667e-01
6.149000e-03,3.182773e+00,-5.386667e-02,2.628000e-03,-2.020000e-01
6.153300e-03,3.180213e+00,-5.114000e-02,2.520000e-03,-1.373333e-01
6.157600e-03,3.176613e+00,-4.794667e-02,1.641333e-03,-9.799999e-02
6.161900e-03,3.177413e+00,-4.910000e-02,2.748000e-03,-9.599999e-02
6.166200e-03,3.177653e+00,-4.754000e-02,3.394667e-03,-8.533332e-02
6.170500e-03,3.173600e+00,-4.737333e-02,2.060667e-03,-1.146667e-01
6.174800e-03,3.176453e+00,-4.538667e-02,3.464000e-03,-1.046667e-01
6.179100e-03,3.171680e+00,-4.448667e-02,3.588000e-03,-2.253333e-01
6.183400e-03,3.169440e+00,-4.362000e-02,2.176667e-03,-1.320000e-01
6.187700e-03,3.173413e+00,-4.395333e-02,4.270667e-03,-1.860000e-01
6.192000e-03,3.167840e+00,-3.940667e-02,4.268667e-03,-1.280000e-01
6.196300e-03,3.168453e+00,-4.051333e-02,3.162667e-03,-8.999999e-02
6.200600e-03,3.169440e+00,-3.990667e-02,4.194667e-03,-4.666666e-02
6.204900e-03,3.166347e+00,-3.976667e-02,3.016000e-03,-1.146667e-01
6.209200e-03,3.164800e+00,-3.955333e-02,2.663333e-03,-1.073333e-01
6.213500e-03,3.164267e+00,-3.792667e-02,4.432667e-03,-1.506667e-01
6.217800e-03,3.159653e+00,-3.836667e-02,4.150667e-03,-1.293333e-01
6.222100e-03,3.161813e+00,-3.962667e-02,4.350667e-03,-5.933333e-02
6.226400e-03,3.159013e+00,-3.646000e-02,5.414000e-03,-1.586667e-01
6.230700e-03,3.160293e+00,-3.569333e-02,4.135333e-03,-9.599999e-02
6.235000e-03,3.157120e+00,-3.743333e-02,3.676667e-03,-9.399999e-02
6.239300e-03,3.158693e+00,-3.552667e-02,5.596667e-03,-1.386667e-01
6.243600e-03,3.154133e+00,-3.388000e-02,4.370667e-03,-1.560000e-01
6.247900e-03,3.155307e+00,-3.526000e-02,4.674000e-03,-9.466666e-02
6.252200e-03,3.152107e+00,-3.144667e-02,4.752000e-03,-6.133333e-02
6.256500e-03,3.152667e+00,-3.214667e-02,2.446667e-03,-1.340000e-01
6.260800e-03,3.148853e+00,-2.927333e-02,4.508000e-03,-7.799999e-02
6.265100e-03,3.144907e+00,-3.015333e-02,4.316000e-03,-1.686666e-01
6.269400e-03,3.145440e+00,-3.001333e-02,3.866000e-03,-1.760000e-01
6.273700e-03,3.146560e+00,-2.722667e-02,5.020667e-03,-1.480000e-01
6.278000e-03,3.145973e+00,-2.729333e-02,3.906667e-03,-1.820000e-01
6.282300e-03,3.145840e+00,-2.546667e-02,3.125333e-03,-1.453333e-01
6.286600e-03,3.147947e+00,-2.498667e-02,3.371333e-03,-7.666666e-02
6.290900e-03,3.143440e+00,-2.435333e-02,3.932000e-03,-1.506667e-01
6.295200e-03,3.142747e+00,-2.424667e-02,3.375333e-03,-7.666666e-02
6.299500e-03,3.142480e+00,-2.406000e-02,5.115333e-03,-1.406666e-01
6.303800e-03,3.136640e+00,-2.348000e-02,3.918667e-03,-1.200000e-01
6.308100e-03,3.136960e+00,-2.272667e-02,2.414667e-03,-1.206667e-01
6.312400e-03,3.137680e+00,-2.312667e-02,3.865333e-03,-1.226667e-01
6.316700e-03,3.135493e+00,-2.135333e-02,2.008667e-03,-1.446667e-01
6.321000e-03,3.136267e+00,-2.457333e-02,3.604000e-03,-1.100000e-01
6.325300e-03,3.135520e+00,-2.215333e-02,4.864667e-03,-6.866666e-02
6.329600e-03,3.129787e+00,-2.170000e-02,3.418667e-03,-1.580000e-01
6.333900e-03,3.131333e+00,-2.176667e-02,4.149333e-03,-1.833333e-01
6.338200e-03,3.126827e+00,-2.216667e-02,3.846000e-03,-1.126667e-01
6.342500e-03,3.124907e+00,-2.134000e-02,2.941333e-03,-1.986666e-01
6.346800e-03,3.127600e+00,-2.223333e-02,4.224667e-03,-1.533333e-01
6.351100e-03,3.126027e+00,-2.065333e-02,5.044000e-03,-1.266667e-01
6.355400e-03,3.126613e+00,-1.874667e-02,3.836667e-03,-9.733333e-02
6.359700e-03,3.124080e+00,-1.964000e-02,4.870000e-03,-2.020000e-01
6.364000e-03,3.119627e+00,-1.984667e-02,4.054000e-03,-1.560000e-01
6.368300e-03,3.121413e+00,-1.806000e-02,3.577333e-03,-8.066666e-02
6.372600e-03,3.124107e+00,-1.653333e-02,5.488667e-03,-8.133332e-02
6.376900e-03,3.120747e+00,-1.532667e-02,5.493333e-03,-5.333333e-02
6.381200e-03,3.118293e+00,-1.340667e-02,5.162000e-03,-5.533333e-02
6.385500e-03,3.119440e+00,-1.456667e-02,5.666667e-03,-1.360000e-01
6.389800e-03,3.111253e+00,-1.408667e-02,4.086667e-03,-5.933333e-02
6.394100e-03,3.111787e+00,-1.191333e-02,4.304000e-03,-1.466666e-01
6.398400e-03,3.110720e+00,-1.290000e-02,5.205333e-03,-1.153333e-01
6.402700e-03,3.111013e+00,-1.216667e-02,4.332000e-03,-1.353333e-01
6.407000e-03,3.114453e+00,-9.213333e-03,4.578667e-03,-4.933333e-02
6.411300e-03,3.112000e+00,-5.393333e-03,5.758666e-03,-3.000000e-02
6.415600e-03,3.108480e+00,-6.586667e-03,3.240667e-03,-7.133333e-02
6.419900e-03,3.110213e+00,-5.906667e-03,4.064667e-03,-1.153333e-01
6.424200e-03,3.105733e+00,-6.326667e-03,5.156000e-03,-1.340000e-01
6.428500e-03,3.102213e+00,-7.466667e-03,3.555333e-03,-2.286666e-01
6.432800e-03,3.106400e+00,-9.720000e-03,5.051333e-03,-1.840000e-01
6.437100e-03,3.101147e+00,-7.066667e-03,5.104667e-03,-1.120000e-01
6.441400e-03,3.100613e+00,-7.980000e-03,3.780667e-03,-1.833333e-01
6.445700e-03,3.102080e+00,-7.086667e-03,4.456000e-03,-2.133333e-02
6.450000e-03,3.096453e+00,-3.393333e-03,4.100667e-03,-1.293333e-01
6.454300e-03,3.096533e+00,-4.366667e-03,4.088000e-03,-8.666666e-02
6.458600e-03,3.097787e+00,-2.360000e-03,5.693333e-03,-1.140000e-01
6.462900e-03,3.092320e+00,-2.766667e-03,5.450667e-03,-2.206666e-01
6.467200e-03,3.093360e+00,-4.206667e-03,4.184667e-03,-1.280000e-01
6.471500e-03,3.092400e+00,3.200000e-04,4.208000e-03,-7.866666e-02
6.475800e-03,3.090933e+00,-1.933333e-03,3.942667e-03,-6.866666e-02
6.480100e-03,3.091573e+00,1.093333e-03,3.024667e-03,-1.060000e-01
6.484400e-03,3.089387e+00,-1.860000e-03,5.726667e-03,-1.740000e-01
6.488700e-03,3.086693e+00,3.000000e-04,4.664000e-03,-7.266666e-02
6.493000e-03,3.085173e+00,5.600000e-04,4.041333e-03,-1.453333e-01
6.497300e-03,3.085387e+00,1.733333e-04,4.530000e-03,-1.786667e-01
6.501600e-03,3.081813e+00,5.266666e-04,3.672000e-03,-8.999999e-02
6.505900e-03,3.085307e+00,1.280000e-03,4.242000e-03,-1.140000e-01
6.510200e-03,3.082853e+00,-4.666667e-04,5.794000e-03,-1.213333e-01
6.514500e-03,3.080240e+00,2.806667e-03,4.840000e-03,-1.473333e-01
6.518800e-03,3.080160e+00,2.733333e-03,5.104000e-03,-1.046667e-01
6.523100e-03,3.079840e+00,3.493333e-03,5.510000e-03,-9.266666e-02
6.527400e-03,3.076000e+00,5.320000e-03,3.450000e-03,-4.666666e-02
6.531700e-03,3.079413e+00,2.066667e-03,6.042667e-03,-4.999999e-02
6.536000e-03,3.074827e+00,3.626667e-03,6.740666e-03,-7.466666e-02
6.540300e-03,3.073573e+00,4.933333e-03,5.523333e-03,-1.513333e-01
6.544600e-03,3.069707e+00,4.773333e-03,6.841333e-03,-1.193333e-01
6.548900e-03,3.068027e+00,6.386667e-03,5.436000e-03,-1.126667e-01
6.553200e-03,3.066800e+00,7.453333e-03,4.969333e-03,-1.713333e-01
6.557500e-03,3.071227e+00,8.606667e-03,5.852000e-03,-1.120000e-01
6.561800e-03,3.068160e+00,1.012000e-02,5.814667e-03,-1.566667e-01
6.566100e-03,3.067627e+00,1.362667e-02,5.684000e-03,-8.933333e-02
6.570400e-03,3.066400e+00,1.238667e-02,7.065333e-03,-2.466667e-02
6.574700e-03,3.064880e+00,1.312000e-02,5.687333e-03,-1.073333e-01
6.579000e-03,3.062480e+00,1.316667e-02,5.362000e-03,-1.566667e-01
6.583300e-03,3.062160e+00,1.760000e-02,6.956000e-03,-1.833333e-01
6.587600e-03,3.057387e+00,1.715333e-02,5.426000e-03,-1.253333e-01
6.591900e-03,3.058400e+00,1.857333e-02,6.412667e-03,-9.066666e-02
6.596200e-03,3.059947e+00,2.258667e-02,7.090667e-03,-9.533332e-02
6.600500e-03,3.056480e+00,2.056000e-02,5.088000e-03,-4.400000e-02
6.604800e-03,3.059333e+00,2.129333e-02,5.154000e-03,-1.106667e-01
6.609100e-03,3.056427e+00,2.265333e-02,5.570000e-03,-5.399999e-02
6.613400e-03,3.052800e+00,2.034667e-02,4.427333e-03,-1.213333e-01
6.617700e-03,3.053013e+00,2.072000e-02,6.023333e-03,-1.660000e-01
6.622000e-03,3.050507e+00,2.106000e-02,6.016667e-03,-6.666666e-03
6.626300e-03,3.049333e+00,2.437333e-02,4.176666e-03,-1.233333e-01
6.630600e-03,3.049813e+00,2.340000e-02,5.258667e-03,-1.146667e-01
6.634900e-03,3.044640e+00,2.642667e-02,4.959333e-03,-1.926666e-01
6.639200e-03,3.042640e+00,2.721333e-02,4.855333e-03,-2.680000e-01
6.643500e-03,3.047147e+00,2.840000e-02,6.816667e-03,-1.786667e-01
6.647800e-03,3.043013e+00,2.814000e-02,5.650000e-03,-8.933333e-02
6.652100e-03,3.042347e+00,2.933333e-02,4.834000e-03,-1.080000e-01
6.656400e-03,3.046507e+00,2.962000e-02,5.474667e-03,-7.133333e-02
6.660700e-03,3.039920e+00,2.904000e-02,4.195333e-03,-1.073333e-01
6.665000e-03,3.038640e+00,3.052000e-02,5.274000e-03,-1.313333e-01
6.669300e-03,3.037040e+00,3.156000e-02,6.236667e-03,-1.340000e-01
6.673600e-03,3.031200e+00,3.179333e-02,5.930667e-03,-2.033333e-01
6.677900e-03,3.035147e+00,2.914000e-02,5.006667e-03,-1.600000e-01
6.682200e-03,3.035653e+00,2.808667e-02,5.078667e-03,-1.546666e-01
6.686500e-03,3.032613e+00,3.298667e-02,3.370000e-03,-1.553333e-01
6.690800e-03,3.033600e+00,3.235333e-02,4.104000e-03,-1.486667e-01
6.695100e-03,3.031093e+00,3.418666e-02,5.572667e-03,-1.120000e-01
6.699400e-03,3.029013e+00,3.428667e-02,4.294000e-03,-1.200000e-01
6.703700e-03,3.026533e+00,3.421333e-02,4.989333e-03,-1.480000e-01
6.708000e-03,3.025707e+00,3.624000e-02,4.466667e-03,-2.140000e-01
6.712300e-03,3.024347e+00,3.663334e-02,3.269333e-03,-1.166667e-01
6.716600e-03,3.025200e+00,3.754667e-02,4.698667e-03,-1.493333e-01
6.720900e-03,3.021840e+00,3.963333e-02,5.092666e-03,-9.066666e-02
6.725200e-03,3.021707e+00,3.646000e-02,5.026666e-03,-3.933333e-02
6.729500e-03,3.022293e+00,4.042000e-02,6.446000e-03,-1.166667e-01
6.733800e-03,3.017813e+00,3.930667e-02,4.982667e-03,-1.093333e-01
6.738100e-03,3.015573e+00,4.273333e-02,4.396667e-03,-1.393333e-01
6.742400e-03,3.016827e+00,4.330000e-02,5.569333e-03,-1.260000e-01
6.746700e-03,3.012293e+00,4.112000e-02,5.656000e-03,-1.766666e-01
6.751000e-03,3.014080e+00,4.342667e-02,6.021333e-03,-9.533332e-02
6.755300e-03,3.013627e+00,4.236666e-02,6.706667e-03,-1.593333e-01
6.759600e-03,3.008373e+00,4.472667e-02,5.143333e-03,-1.960000e-01
6.763900e-03,3.008693e+00,4.272667e-02,4.964666e-03,-1.720000e-01
6.768200e-03,3.010560e+00,4.676666e-02,6.181333e-03,-9.266666e-02
6.772500e-03,3.007333e+00,4.812000e-02,5.686667e-03,-1.066667e-01
6.776800e-03,3.009093e+00,4.486667e-02,5.922000e-03,-7.866666e-02
6.781100e-03,3.008693e+00,4.491333e-02,6.610667e-03,-5.866666e-02
6.785400e-03,3.005680e+00,4.714000e-02,5.158000e-03,-1.533333e-01
6.789700e-03,3.005787e+00,4.857333e-02,5.822666e-03,-7.733332e-02
6.794000e-03,3.001467e+00,5.060667e-02,5.886000e-03,-9.466666e-02
6.798300e-03,2.997893e+00,5.018000e-02,5.479333e-03,-1.286667e-01
6.802600e-03,3.001440e+00,5.136000e-02,6.442000e-03,-5.933333e-02
6.806900e-03,2.998400e+00,5.261333e-02,6.373333e-03,-1.020000e-01
6.811200e-03,2.995707e+00,5.242000e-02,5.164667e-03,-8.799999e-02
6.815500e-03,2.999147e+00,5.206000e-02,5.911333e-03,-6.933333e-02
6.819800e-03,2.994907e+00,5.274000e-02,5.129333e-03,-9.066666e-02
6.824100e-03,2.994080e+00,5.238667e-02,4.827333e-03,-8.866666e-02
6.828400e-03,2.992187e+00,5.212000e-02,6.032000e-03,-2.080000e-01
6.832700e-03,2.991173e+00,5.187333e-02,5.850667e-03,-2.186666e-01
6.837000e-03,2.990720e+00,5.398666e-02,4.950000e-03,-1.213333e-01
6.841300e-03,2.991173e+00,5.296000e-02,5.986667e-03,-1.226667e-01
6.845600e-03,2.987387e+00,5.484667e-02,4.270000e-03,-8.199999e-02
6.849900e-03,2.987760e+00,5.479333e-02,4.534000e-03,-1.020000e-01
6.854200e-03,2.986480e+00,5.339333e-02,6.222667e-03,-1.013333e-01
6.858500e-03,2.984533e+00,5.568667e-02,4.835333e-03,-1.273333e-01
6.862800e-03,2.983600e+00,5.552667e-02,5.700000e-03,-1.113333e-01
6.867100e-03,2.979013e+00,5.575333e-02,6.447333e-03,-1.486667e-01
6.871400e-03,2.978293e+00,5.596667e-02,4.295333e-03,-9.799999e-02
6.875700e-03,2.980347e+00,5.786000e-02,4.991333e-03,-1.160000e-01
6.880000e-03,2.979840e+00,5.830667e-02,5.230667e-03,-9.333333e-02
6.884300e-03,2.976587e+00,5.712667e-02,5.268000e-03,-2.193333e-01
6.888600e-03,2.978587e+00,5.834000e-02,5.340000e-03,-1.413333e-01
6.892900e-03,2.973093e+00,5.738667e-02,5.298667e-03,-1.253333e-01
6.897200e-03,2.972373e+00,5.792667e-02,3.825333e-03,-9.399999e-02
6.901500e-03,2.973413e+00,5.836667e-02,5.265333e-03,-7.466666e-02
6.905800e-03,2.970827e+00,5.872667e-02,5.866000e-03,-6.933333e-02
6.910100e-03,2.969467e+00,5.774000e-02,4.796667e-03,-4.400000e-02
6.914400e-03,2.970827e+00,6.048000e-02,7.326667e-03,-1.380000e-01
6.918700e-03,2.965787e+00,6.125333e-02,5.034000e-03,-7.999999e-02
6.923000e-03,2.966747e+00,6.041333e-02,4.281333e-03,-6.933333e-02
6.927300e-03,2.968053e+00,6.268000e-02,5.554667e-03,-1.133333e-01
6.931600e-03,2.962053e+00,6.330000e-02,4.148667e-03,-1.386667e-01
6.935900e-03,2.964987e+00,6.052667e-02,6.200000e-03,-1.080000e-01
6.940200e-03,2.961787e+00,6.199333e-02,6.868000e-03,-1.440000e-01
6.944500e-03,2.956267e+00,6.052000e-02,5.436667e-03,-1.113333e-01
6.948800e-03,2.959413e+00,6.008000e-02,5.157333e-03,-1.853333e-01
6.953100e-03,2.956027e+00,6.180000e-02,5.873333e-03,-1.980000e-01
6.957400e-03,2.955653e+00,6.000000e-02,4.683333e-03,-1.413333e-01
6.961700e-03,2.956267e+00,5.818667e-02,6.782667e-03,-1.073333e-01
6.966000e-03,2.957547e+00,5.974667e-02,6.700667e-03,-1.006667e-01
6.970300e-03,2.954507e+00,5.894667e-02,5.008000e-03,-7.399999e-02
6.974600e-03,2.956960e+00,6.082667e-02,6.570000e-03,-9.533332e-02
6.978900e-03,2.949680e+00,6.024000e-02,6.032000e-03,-9.866666e-02
6.983200e-03,2.947360e+00,6.133333e-02,4.900000e-03,-7.799999e-02
6.987500e-03,2.948000e+00,6.131333e-02,7.498000e-03,-2.086667e-01
6.991800e-03,2.944240e+00,6.162667e-02,6.756667e-03,-1.466666e-01
6.996100e-03,2.944960e+00,6.168000e-02,5.995333e-03,-1.733333e-01
7.000400e-03,2.945733e+00,6.228000e-02,7.105333e-03,-1.020000e-01
7.004700e-03,2.944587e+00,6.257334e-02,5.383333e-03,-4.600000e-02
7.009000e-03,2.943467e+00,6.201333e-02,4.802000e-03,-1.193333e-01
7.013300e-03,2.942987e+00,6.189333e-02,6.825333e-03,-1.353333e-01
7.017600e-03,2.939307e+00,6.394000e-02,6.096667e-03,-1.546666e-01
7.021900e-03,2.940640e+00,6.543333e-02,5.955333e-03,-1.046667e-01
7.026200e-03,2.942107e+00,6.307333e-02,6.522667e-03,-3.133333e-02
7.030500e-03,2.935493e+00,6.416667e-02,4.904666e-03,-5.066666e-02
7.034800e-03,2.937093e+00,6.479333e-02,5.670667e-03,-8.799999e-02
7.039100e-03,2.932427e+00,6.707333e-02,7.282000e-03,-1.286667e-01
7.043400e-03,2.928773e+00,6.764667e-02,6.551333e-03,-1.786667e-01
7.047700e-03,2.932400e+00,6.926667e-02,6.873333e-03,-1.760000e-01
7.052000e-03,2.930587e+00,6.833334e-02,6.512000e-03,-1.253333e-01
7.056300e-03,2.928773e+00,6.828666e-02,4.310667e-03,-1.226667e-01
7.060600e-03,2.932693e+00,6.738000e-02,4.949333e-03,-3.333333e-03
7.064900e-03,2.929573e+00,6.996000e-02,5.775333e-03,-7.999999e-02
7.069200e-03,2.925013e+00,6.957334e-02,5.364000e-03,-1.086667e-01
7.073500e-03,2.926347e+00,7.034000e-02,6.717333e-03,-8.199999e-02
7.077800e-03,2.922160e+00,6.736000e-02,6.265333e-03,-1.726667e-01
7.082100e-03,2.921627e+00,6.923334e-02,4.500000e-03,-1.033333e-01
7.086400e-03,2.923947e+00,7.044000e-02,6.035333e-03,-7.866666e-02
7.090700e-03,2.920507e+00,6.962667e-02,4.951333e-03,-8.466666e-02
7.095000e-03,2.920347e+00,6.850000e-02,5.052667e-03,-7.733332e-02
7.099300e-03,2.917173e+00,6.903333e-02,7.272667e-03,-2.133333e-02
7.103600e-03,2.915467e+00,6.937333e-02,5.362000e-03,-9.266666e-02
7.107900e-03,2.914373e+00,7.116000e-02,5.814667e-03,-1.526667e-01
7.112200e-03,2.912347e+00,7.227334e-02,6.362000e-03,-1.206667e-01
7.116500e-03,2.911467e+00,7.104667e-02,5.358000e-03,-1.620000e-01
7.120800e-03,2.912507e+00,6.900667e-02,5.932000e-03,-1.106667e-01
7.125100e-03,2.913280e+00,7.273334e-02,7.481333e-03,-3.333333e-02
7.129400e-03,2.910507e+00,6.998666e-02,5.878000e-03,-6.400000e-02
7.133700e-03,2.910053e+00,7.149334e-02,5.980667e-03,-1.680000e-01
7.138000e-03,2.905760e+00,7.160667e-02,6.457333e-03,-9.866666e-02
7.142300e-03,2.906533e+00,7.104000e-02,5.296000e-03,-8.399999e-02
7.146600e-03,2.908720e+00,7.136667e-02,6.960667e-03,-1.326666e-01
7.150900e-03,2.904667e+00,7.178000e-02,7.410666e-03,-1.266667e-01
7.155200e-03,2.900827e+00,7.194000e-02,5.615333e-03,-1.020000e-01
7.159500e-03,2.901520e+00,7.080000e-02,6.363333e-03,-1.400000e-01
7.163800e-03,2.899387e+00,7.188000e-02,6.878000e-03,-2.026666e-01
7.168100e-03,2.896240e+00,7.375333e-02,5.653333e-03,-1.273333e-01
7.172400e-03,2.900000e+00,7.162000e-02,7.952667e-03,-1.086667e-01
7.176700e-03,2.896000e+00,7.153333e-02,7.043333e-03,-1.413333e-01
7.181000e-03,2.898800e+00,7.306000e-02,6.522000e-03,-1.200000e-02
7.185300e-03,2.899787e+00,7.187333e-02,7.554000e-03,-1.800000e-02
7.189600e-03,2.895493e+00,7.050000e-02,5.775333e-03,-9.599999e-02
7.193900e-03,2.895253e+00,7.163333e-02,5.849333e-03,-2.033333e-01
7.198200e-03,2.895040e+00,7.090667e-02,7.516000e-03,-1.180000e-01
7.202500e-03,2.892960e+00,7.105333e-02,6.309333e-03,-1.733333e-01
7.206800e-03,2.893333e+00,6.896000e-02,7.327333e-03,-7.666666e-02
7.211100e-03,2.893813e+00,7.064667e-02,7.720000e-03,-1.560000e-01
7.215400e-03,2.890960e+00,7.285333e-02,6.286000e-03,-1.100000e-01
7.219700e-03,2.893600e+00,7.250000e-02,6.353333e-03,-7.999999e-02
7.224000e-03,2.892133e+00,7.176667e-02,6.744666e-03,-9.999999e-02
7.228300e-03,2.890240e+00,7.212666e-02,5.884000e-03,-8.866666e-02
7.232600e-03,2.890267e+00,7.150666e-02,7.087333e-03,-1.446667e-01
7.236900e-03,2.890453e+00,7.130667e-02,6.877333e-03,-1.046667e-01
7.241200e-03,2.888187e+00,7.020666e-02,5.900000e-03,-9.933332e-02
7.245500e-03,2.893467e+00,7.122000e-02,6.440667e-03,-7.599999e-02
7.249800e-03,2.890373e+00,7.022667e-02,6.462000e-03,-1.580000e-01
7.254100e-03,2.889013e+00,6.964666e-02,5.602667e-03,-4.266666e-02
7.258400e-03,2.891733e+00,7.150000e-02,7.412666e-03,-8.533332e-02
7.262700e-03,2.888160e+00,6.957334e-02,6.903333e-03,-1.080000e-01
7.267000e-03,2.892720e+00,6.943333e-02,5.982667e-03,-1.046667e-01
